Kods;Vārds Uzvārds
dtyQC;Shakira Irwin
ij2hw;Aliza Rodgers
eh9Fh;Pippa Lynn
lYFU2;Sadie Hoover
Bd0cM;Brenda Sheppard
PRZR7;Melody Shaw
CwqxA;Cory Brewer
H4IM1;Donna Andrade
ZRADU;Kasey Terry
Y0rtf;May Mack
nHJa6;Keisha Snow
rMwQH;Veronica Clarke
YktCY;Gracie Fitzgerald
M8i08;Kacie Humphrey
X2KEw;Marianne Pitts
nGTRT;Georgiana Hess
4MhXC;Dana Lopez
FCos6;Sian Vincent
2goWo;Leona Ramirez
xS4Hd;Louisa Wyatt
SyETf;Faith Mclaughlin
SE4Jt;Tyrese Barrera
aluzB;Vanessa Branch
IRiOL;Lowri Lucas
7mGic;Charis Foster
m7N3h;Anne Mcintosh
g9WNb;Tianna Duke
4HEat;Carol Barber
2DT3g;Elif Conway
nR4iJ;Rohan Stanton
H685q;Kane Santana
rBtDe;Ines Ho
bpXQD;Nikita Ibarra
WM7WZ;Carrie Serrano
buIGX;Valentina Ferrell
4t4q2;Lyla Petty
wUFvI;Agnes Douglas
BDujl;Ruqayyah Patel
8xCVl;Elisabeth Marks
XORXJ;Dillon Golden
NRKTr;Vera Page
4f9zK;Amie Roberts
a71Lm;Isobella Garcia
wEeu7;Delilah Mendez
LBTgZ;Daisy Waller
5rqDX;Maisey Mendoza
sFhQz;Jasmin Wolf
SxhJn;Anisha Mann
SvXLB;Kezia Russo
unBgG;Alissa Newman
Sfvwq;Eliot Caldwell
jvB21;Saira Grimes
rEsgU;Jessica Goodwin
9KrIh;Ronnie Bonner
VE6GB;Lorraine Livingston
hvNPG;Beth Schmidt
pkBwY;Bushra Thornton
CXhjR;Hayley Robles
YqrDF;Isobelle Gregory
at72v;Liliana Bloggs
cKjmG;Leonie Haley
g6x9S;Mariah Barnes
bxksY;Adrian Maxwell
Zw7M7;Esme Walton
q2DyE;Rihanna Arnold
cRejh;Madison Ryan
PaiJA;Ebony Barron
b3sJ1;Aurora Walls
N1Dko;Lula Cline
XWLxv;Safiya Cortez
P4Hxr;Francis Wiggins
1uEkw;Callie Mcdaniel
Ux3nB;Eva Hopkins
kyMNz;Charlotte Watts
XN1Eg;Ashley Maddox
72aEb;Safa Reese
af2j4;Aoife Carroll
e9nId;Janet Crawford
KYW4i;Asma Hernandez
Yh2sd;Alma Shields
LpXBH;Enya Bender
b5w38;Julie Davies
OkqcJ;Khadijah Brown
bhA2B;Juanita Brooks
QJM16;Nadine Whitney
ces0c;Sumayyah Pineda
aEX8G;Linda Combs
LSENH;Alia Cherry
d9Du6;Faiza Moss
88pXw;Mollie Acosta
5b7eS;Roberta Mahoney
0lmrj;Shelby Gay
RYnAi;Katie Gamble
rQinX;Remi Stone
4qaLh;Freyja Eaton
ERqQk;Lottie Krueger
RnNyk;Lulu Bridges
CRKNK;Mia Cummings
U1Ifq;Christine Hendrix
UvEO4;Ffion Hansen
stLVw;Jerome Sutton
R6vfb;Morgan Faulkner
qC9L9;Seth Wise
RjTty;Yash Spencer
avtp7;Colby Lloyd
siD5o;Seamus Bass
Ap0Uk;Kade Burnett
MXM9R;Joel Villegas
tgbJb;Saad Galvan
LZstQ;Ciaran Pearce
Dl6qp;Ahmed Holt
84eKC;Erin Anderson
BXa0h;Mason Knox
KiZ9y;Timothy Simmons
kjdZU;Chad Boyle
MnriK;Kyron Donovan
sguZC;Darcey Fitzpatrick
SdDlF;Alfie Cohen
u3aY1;Gregory Delgado
UxFbb;Isaac Holloway
ahnAD;Leo Carlson
iyrTD;Arnold Jenkins
kH8tS;Louie Mathews
0DxAb;Antony Gallegos
nnuF0;Mohammad Chaney
luKnA;Amelie Harrell
uYNPu;Julian Davila
GP7sy;Tomos Reese
0qVV4;Vinny Matthews
MVClQ;Ashleigh Tanner
99yVf;Mikey Wong
5acPB;Giovanni Hurst
OW1qP;Herbert Scott
SEApk;Zakaria House
UCpSn;Barry Willis
czWb3;Xavier Alexander
yFmAp;Zak Carson
kKVKN;Oskar Sanford
Tb9nh;Joao Koch
Xi9qx;Luc Gardner
QIIbP;Nathaniel Rivas
aPyuu;Jensen Frank
Y0UTJ;Sameer Shaw
iPxyO;Alastair Sears
Zj930;Jac Morris
0tsQb;Jaxon Slater
TlVk4;Stuart Arias
dvdtM;Maddison Rowe
g8P9p;Ines Fleming
sWYnw;Abdullahi Buchanan
QaM7N;Katerina English
N5HZG;Miles Torres
Jh82G;Mateo Livingston
kKeGy;Kacper Horton
UEfiV;Belle Fuentes
2raOZ;Bailey Morales
NfzUi;Cruz Bryant
JaS64;Meredith Gaines
Ag6BJ;Kiran Manning
W9B1R;Rex Marks
teLHg;Rishi Clarke
4MVcl;Ieuan Buck
6dxyA;Jacob Fulton
7slvp;William Summers
PNF0O;Zubair Floyd
9Fgim;Isaiah David
a4jq8;Blaine Wilkins
rRwV9;Musa Brooks
9k0wI;Tiago O'Quinn
d3kZ0;Kabir Martin
0ejoA;Sidney Zuniga
8CW3D;Arjun Beck
TlZSQ;Whitney Hodge
wE77j;Adam Miles
f1z7n;Conor Schaefer
DI28W;Yusuf Castillo
34juL;Mikolaj Nunez
nZyNl;Erica Yoder
pFkr2;Louis Lamb
NkKW5;Lloyd Randall
KW1zJ;Kristen Hebert
fJCOP;Maximillian Mccarty
sxEHw;Emilio Erickson
l731S;Oakley England
CbYpv;Brendan Proctor
LV4ZB;Byron Conner
3ylvK;Micheal Henry
VZcvN;Cayden Noble
0g0mx;Calvin Bernard
ceMCE;Allen Callahan
UXq77;Rico Brennan
RV659;Beau Donaldson
OqP4C;Faith Dyer
wLkkU;Loui Walker
iOP1p;Sian Hendrix
MSPg8;Aoife Larsen
c1meP;Anas Knowles
eWaBR;Claude Daniel
TfSCM;Douglas Gill
S5Q2G;Robert Poole
